,TF,motif_F10,X,Y
0,CEBPB,CTACTATGTTTCACAACCCGA,1.018081,0.9712717
1,CEBPB,ATGGGGCATTTCACAACAACC,1.1310383,0.67873013
2,CEBPB,GGGCTTTATTGCATAATCCCC,0.120669775,-0.05128985
3,CEBPB,CCGGGGTGTTGCATAATCTAC,0.7731147,-0.29419878
4,CEBPB,ATGTCGGATTGCATAACCGAA,1.1661909,-0.01440598
5,CEBPB,ATCTACAATTGCTTAACATTT,0.8754664,0.132669
6,CEBPB,ACCACAGATTTCATAACCGGT,0.86481875,0.030170435
7,CEBPB,GGGAGGGATTTCATCATTGGC,0.16961497,0.25912938
8,CEBPB,TTTTTTCGTTGCATCATAGTG,0.81727076,1.181946
9,CEBPB,GATCACTGTTGCATAATGGAA,-0.09691755,0.6657172
10,CEBPB,CTCACAAATTGCACCATCAAA,0.5694604,0.8477339
11,CEBPB,TCCCACTATTGCACCACCAGA,0.7683824,1.1835514
12,CEBPB,CAGACGTATTTCATAATTCGG,0.22591154,0.2390345
13,CEBPB,TAACTAAGTTGCATAATTAGA,0.0004987234,0.34209594
14,CEBPB,TGGGTCTATTACATAACCCTG,0.48229164,-0.17229389
15,CEBPB,CTCACCTATTGCATAATGTGG,0.5820454,0.265337
16,CEBPB,GGGCGGTATTGCATAATTACC,0.22922485,0.06702804
17,CEBPB,CGGGTAAATTGCTCAATGATC,0.39698482,0.08022204
18,CEBPB,GAAGCCAATTGCACAATCTAA,1.0384182,0.210496
19,CEBPB,ATATCGGATTGCACCAGAACG,1.2983968,0.74429774
20,CEBPB,TGCCGTGATTGCACCATTATG,0.5051971,1.1701692
21,CEBPB,CAACTCAATTGCAAAATTCGT,0.16554837,0.28585276
22,CEBPB,GACAAATATTGCTTCATACAC,0.014726691,0.69084275
23,CEBPB,CGTTCGGATTGCACCATCCCG,0.23194827,1.2387508
24,CEBPB,TGAGGGAATTGCATCACGTAT,0.8138021,-0.2314394
25,CEBPB,TGCCTTTCTTGCACAACGTGC,0.80574477,1.1647882
26,CEBPB,CACTCGGATTTCATCACCACG,0.17645189,1.3688036
27,CEBPB,GTCGATTGTTGCACAACACCC,0.9093824,0.7562386
28,CEBPB,TGTATAGATTTCACCACTGAC,0.38560262,0.92072767
29,CEBPB,CTCACGTGTTGCACCATGTAG,0.51903427,0.6675038
30,CEBPB,GACCTCTGTTGCATCATAGCT,-0.0018121791,0.65802664
31,CEBPB,CATCTAGATTGCACCATGAAA,0.22451456,0.86293936
32,CEBPB,AGGTCGAATTGCATCATGCGA,0.51737547,0.0120254485
33,CEBPB,ACTTCCTATTTCAACATATGA,0.75117886,0.39929408
34,CEBPB,CTGGATGATTGCACAATTCTT,0.55379546,0.35623133
35,CEBPB,ATGAACGATTGCATAATTCGA,0.3529364,0.12762624
36,CEBPB,AAGGCCAATTGCTCAAGCTAA,1.2321656,0.17461877
37,CEBPB,CACTTGCATTGCACCACTCTG,0.3560569,1.1795418
38,CEBPB,ACAGGGGATTACACAACAAAA,1.304314,0.39129695
39,CEBPB,GGCCATTATTTCCCAACTGGG,0.7383901,1.4716755
40,CEBPB,CCGGGTTGTTGCGTAACCTTG,0.6377484,-0.09483335
41,CEBPB,GAATCGTGTTGCACAACGTAC,1.1020007,0.57939386
42,CEBPB,AAAAGGCATTTCACCATACTC,0.5646821,0.84240097
43,CEBPB,CCAGCAGATTGCACCATCCAG,0.77596503,0.6199758
44,CEBPB,GTATTTCATTTCATAACGATA,1.0217575,1.1250576
45,CEBPB,AGTTACTATTGCTCCACGGGG,0.54847664,1.4536687
46,CEBPB,TTCGGAGATTGCGCAACTGCC,1.0885853,0.8226244
47,CEBPB,TCCTGGCATTGCATAATCCGT,0.6026273,-0.09282416
48,CEBPB,CATCCAGATTTCATCATAGTT,0.3327526,0.73642415
49,CEBPB,GTTTTTAATTGCTCAATATAT,0.91750824,0.32345897
50,SOX6,CTTGGGCTAGCATTGTTTACA,3.4734097,5.6078334
51,SOX6,ACATATTTGCCTTTGTTTGAC,2.4884555,5.0080504
52,SOX6,CAGGTAACACTATTGTTTTGA,3.6821725,5.3375645
53,SOX6,CTCCTCCAACCATTGTCTTTA,3.399421,5.1440473
54,SOX6,ACGAGAATTCCATTGTTTTTG,3.5638034,5.194865
55,SOX6,CAAAGTCGTTTATTGTGTGGC,3.1002254,5.585361
56,SOX6,TGCACAGTTTCTTTGTCTTGT,2.9999788,5.2267203
57,SOX6,TAGCAGACCCCATTGTCTGGC,3.5578885,4.9279594
58,SOX6,ACAACGTCACCATTGTCTTAC,3.4737575,5.1216364
59,SOX6,GGAAGTCAACCTTTGTTTTGC,2.8871408,5.35659
60,SOX6,GCCCATGTGCCATTGTTCGCA,2.5624883,5.118637
61,SOX6,TAGAATCACTCATTGTCTGGA,3.0184276,5.3473153
62,SOX6,TGGTAAGACCCATTGTCCTTC,3.421459,4.9277587
63,SOX6,AGTAAGGCTCCATTGTCTTTG,3.4668067,4.798884
64,SOX6,CTGATCCCACCTTTGTCTTTT,3.6392183,4.970951
65,SOX6,ATAAACTATGCATTGTTTTCA,3.3684673,4.979914
66,SOX6,GCGTTCTGACTATTGTCTTAA,3.4582102,5.2536635
67,SOX6,CTGTTTAGGGCATTGTCCTTA,3.1315556,5.215003
68,SOX6,AGAAACTGGCCTTTGTCCGCT,2.6447535,4.928138
69,SOX6,GAGACAGGGTCATTGTTTTCC,3.1952257,5.4703207
70,SOX6,TGACGGCTCGCTTTGTTCGCA,2.5770025,5.157285
71,SOX6,ATGCTACGACCATTGTTCGAA,3.330028,5.2068567
72,SOX6,TGCTTTAGTCCTTTGTTCTCG,2.834953,4.7412605
73,SOX6,CGCATCGTTTCTTTGTTTAGC,3.1586893,5.3965993
74,SOX6,AACTTTTCTTCTTTGTCTCGT,3.062701,5.013873
75,NFKB1,GGGGAACCCCCGCACAGGTAC,3.9860132,3.5985403
76,NFKB1,GGGGGATCCCCTTTCTCTCGG,3.8699293,4.0071125
77,NFKB1,GGGAGACCTCTGGGTTTCCCC,3.6613476,3.2602146
78,NFKB1,GGGGATTTCCCGGGATCCGCC,3.7307215,3.4020283
79,NFKB1,GGGGGTTCCCCTGTAAAGCGG,3.8693202,3.947632
80,NFKB1,GGGGGACCCCCCTATAGAGTG,3.9288304,3.7356813
81,NFKB1,GGGGATTCCCATCCCGCATTA,4.0728855,3.3148499
82,NFKB1,GGGGAGCCCCCGGTCGGAACG,3.9658968,3.6068213
83,NFKB1,GGGGATCTCCTGAGTACAGCA,3.7847779,3.1086788
84,NFKB1,GGGGATTCCCCTTATTTCTTT,3.857435,3.660889
85,ESR2,TGGGTCACCCTGACCCCCTAA,5.1734815,2.6478288
86,ESR2,CAGGTCACCCAGGCACATACT,5.056615,2.4566035
87,ESR2,AAGGTCACACTGAGCCGTTGG,5.22987,2.4795103
88,ESR2,TGGGTCAAAGTGGCAAGCCCT,5.022478,2.5801823
89,ESR2,GAGGTCACTATATCCTGAAGG,5.2758856,2.062772
90,ESR2,GGGGTCATTAAGACCTTGATG,5.08679,1.9974664
91,ESR2,AGGGTCAAACTGTCCTTGGGT,5.117935,2.509112
92,ESR2,AAGGGCACTGTGCCCGACGCC,5.0107203,2.246085
93,ESR2,AAGGTCACCATGTCCCTTATC,5.232198,2.2168095
94,ESR2,GAGGTCATTGTGGCCTAGTGT,5.108872,2.2917814
95,Pdx1,CGATCTGTTCTAATTGCACGT,1.9744172,2.5107732
96,Pdx1,CAGCAGAGTGTAATTCAGAAC,3.895042,1.7981119
97,Pdx1,TAGGTGTGCCTAATTACAAAC,3.8213582,1.7496225
98,Pdx1,ACTGGACGCCTAATTCAGAAG,3.84407,1.7876409
99,Pdx1,GTTCGTCCCCTAATGTGACTT,3.7501822,2.368053
100,random_noise,AATGATAGCAGTAATCTATGT,2.4021373,2.0157423
101,random_noise,ATCTCGCTACGCCCGTCCAGC,1.614224,1.0951891
102,random_noise,GCTTCTCTAAAGGAGTCCCAG,2.971991,3.3163843
103,random_noise,TTATTTTGTCAGTGTCATTTT,2.8126543,4.6644115
104,random_noise,AACATCCCTGTAATTCTCACT,3.8034177,1.7159091
105,random_noise,AGCACAACGAAAGGTCGCTCG,2.8417196,1.3317506
106,random_noise,CGCGGCTATCTGACCCAGCTC,4.6272864,2.2296958
107,random_noise,CCCGTGTCAGAGCGCGCCTCT,4.316824,2.7321725
108,random_noise,CACAACATGCACTCCATGGAC,0.06081502,1.0531535
109,random_noise,AAACTACTAGTATTTTTTAGC,3.394981,5.6728125
110,random_noise,TCATGCTAGCCTGGGGAGCCA,2.454343,4.498594
111,random_noise,CCGCAGTGAGGAGAATCCGGT,2.2201216,3.8943133
112,random_noise,TTATTGTAAGTTATTTCGCGA,2.1778917,4.383553
113,random_noise,TGCTAGGGTCCGAACACGCCG,0.22448754,1.5527399
114,random_noise,ACCGACGCTGAAAACCAAACA,4.1111693,1.9334131
115,random_noise,ATTAGATGGATTGACCTCTTT,2.3548405,1.8176224
116,random_noise,CTGAATACCACAAATATAAAC,2.610861,2.5904915
117,random_noise,TTAACCCTTTATGGCTGCTAG,2.4558156,1.349574
118,random_noise,ATGTAGATTAGATATAGGAAG,2.480138,2.766447
119,random_noise,TGTAATATCGCTGTGGGGTGG,3.4252138,4.354708
120,random_noise,CAACCTTTCCGTTTAGTTTAA,1.435489,3.5221367
121,random_noise,CGCGATCTCAAACGCGCCATT,4.032815,3.0178354
122,random_noise,GTCCAATGTTTTCGCGATCGA,1.0725365,1.7013831
123,random_noise,ATGCTCACCTCTATTGCATAG,3.14185,2.9070292
124,random_noise,CTCGGATAGCAACACTCTCGG,3.1293669,3.5885856
125,random_noise,TTGTCCGACTAACCAAGTGCG,1.692053,0.7279106
126,random_noise,GGGTTACGAAATGGCGGACGT,2.6799827,2.19713
127,random_noise,GATAGTCCTTATAGATTGTTC,2.0557668,0.95279455
128,random_noise,CGACATCGGGCATAATTCCCC,2.3177764,5.1516237
129,random_noise,CTACCACAATGTGGGCTGACT,1.5664055,1.8452427
130,random_noise,GATTCTCGCACACTGACCCTT,3.7496424,2.5386977
131,random_noise,AATAGGTACGTATCGTTTCTC,2.824357,5.6617756
132,random_noise,CCGGTTGAGCGCTATCCCAGT,2.4370582,3.368912
133,random_noise,TGTATCGAGACGTAGTGGGAT,2.962318,3.9791796
134,random_noise,CAAACTTTGGGCGCTGGACTA,1.5299587,2.8130696
135,random_noise,ATACCGAGACCCACAGAGAGC,1.5093918,1.0095576
136,random_noise,GCCGAATATAACTATCCTCGG,2.633577,3.355508
137,random_noise,CGATATCACCTTTAGTTATAC,2.2425272,5.0363874
138,random_noise,TTCCCTGGGTCTCTTCGCAAC,2.7713454,1.0600197
139,random_noise,TAATTGTCCGAATCAGGCGGC,1.6945512,3.8706603
140,random_noise,TTGTTGTGACCTTTCAACACA,2.8132694,4.6551332
141,random_noise,GGCATAGGAATTAAAACATGC,2.5871031,2.03245
142,random_noise,AGCGAATAACTCGAGCAACCC,3.606991,2.771326
143,random_noise,CCACAACCTACCCTTGAGCTT,3.1272082,2.1917937
144,random_noise,GTCTGCGTGGATTGATCGTCT,2.0993476,1.3082457
145,random_noise,CGTTAGCTTCGAATCTCAGCA,2.018878,2.5845609
146,random_noise,TCGTTACTGCGTGAGCGGAGG,2.450344,3.2154987
147,random_noise,TTCTTTTATAATGAGGTCTCC,2.6855867,4.522646
148,random_noise,TTCTCGTGAGGCGTCATAGTT,1.6626929,1.6107978
149,random_noise,ATTTGATCCCCGTATGCGTAG,3.264604,2.9402072
150,random_noise,AGAACACTTCCGGGTGAAGAT,3.0068395,2.6044693
151,random_noise,ATCCCCAGATAATCCCGTTAG,2.5774689,1.0332626
152,random_noise,CGTTAATCCGTTCCTATTCCA,1.8603612,3.7119014
153,random_noise,AGTCAGGCCGAGTTCAATGCG,3.0853403,4.2713823
154,random_noise,GGATATCCGTTTGGCATTATG,1.3013052,1.6441083
155,random_noise,GTGGTCAGCGGAGAAACTCTT,4.850841,2.760622
156,random_noise,AGAGTAGCGACGGGGGCTCCC,3.4643202,3.3238082
157,random_noise,TATCGGCGCGTAATTCCCGCT,3.7785301,1.708035
158,random_noise,AGCGGCGATTAGCGAGTGATG,2.0719523,0.5752359
159,random_noise,GTCTCAATTACATATTACGAG,2.7602932,2.950268
160,random_noise,AGCCATGTTTCAACCATGGGT,0.56669664,1.5141972
161,random_noise,ACATCTGGTCCAGAATTAGTA,1.7062792,3.0772326
162,random_noise,AAAAATGACTTATAGGTTCTC,2.6353514,5.485199
163,random_noise,GGAGCTACTAGCTAAGTGGTT,1.152222,2.6906753
164,random_noise,TCTAGCTCTCGGAATGCCCAC,3.292596,2.807079
165,random_noise,AATCCGTGTCAAAAAGTCGTA,1.5312793,3.224037
166,random_noise,TTAAACACACTGTTACGAAAT,5.2684064,2.5566292
167,random_noise,CCGCCAATAAAATAGGGGAGA,2.5020995,2.8947635
168,random_noise,TGCGGAGCAATTGTTTAAATA,3.171672,1.9751073
169,random_noise,TAACGTCATAGCGCAGGAGTC,1.2297899,2.725185
170,random_noise,CCTCAGTCAGGTTTAATCGGA,1.8401792,3.7317011
171,random_noise,GCGAACCGGACCCGCAAGTGT,3.1456838,2.3387234
172,random_noise,CGACACGTCTCAACTGGAGAG,2.2988625,2.662523
173,random_noise,CAACAGGAGTACTACGCTGAG,2.5979877,4.1492524
174,random_noise,AACCCTTCTGGTTGAGGTGTT,1.3415612,3.3026469
175,random_noise,CGACTTATGCTTAGTATAAGT,1.8732182,2.2983124
176,random_noise,GACTCTGGGGGCGAACTATCT,1.9962789,1.7804936
177,random_noise,TTTCAGTAACACTTGGGATCG,3.2835052,4.4986157
178,random_noise,CCGTGCGCCGAGACCACAACT,4.3138795,2.1352794
179,random_noise,AGGCTCTAAAAGGCTAATTCT,4.7533417,2.6341808
180,random_noise,AAAAACACAGGGGCCTAGCAA,5.093207,2.3421793
181,random_noise,CGTATGGTGATGTAGAGCGTG,2.8029401,3.820546
182,random_noise,AAGTCTCATCGAGATTAAATC,1.9486676,2.920621
183,random_noise,GGTGACGCAGTCACGGTAATT,3.5759997,2.0084407
184,random_noise,ACCTCAGGCTTTTTCGGCTCG,2.7023933,1.0070194
185,random_noise,ACTGGGGTAGCAGACGCTGGG,2.732824,4.038649
186,random_noise,GTGAGTGATTAAAAATTGGCG,1.826335,0.80790025
187,random_noise,GAAGCAGGTCTCACGGCCCTC,1.2367615,1.0046017
188,random_noise,ATTCATGTCACGGGCTCATGC,3.481202,3.447307
189,random_noise,GGATAAAGAATTATTAGATGC,2.5621226,2.1199217
190,random_noise,GTGACCCTTCGCGGTGCTAAT,2.9882665,2.5778158
191,random_noise,CAAGGCTCTAGCCTTCTCCCA,3.253816,1.9303812
192,random_noise,TGGTCGGTGCTCGGCAGAGAA,1.7098521,1.6408315
193,random_noise,ACAAAGAGAACGAGGTCCCTT,3.155707,3.6766546
194,random_noise,CTTTCCCTCTATGCCGTAGGT,1.9602133,1.7179484
195,random_noise,CTGGCCCTCGGATAGAGACAC,2.6365092,2.709188
196,random_noise,CTCCAGTCTACATATATGAAG,2.6625774,2.6523206
197,random_noise,GAGCTTTCGGAGACTTTGAAC,4.8116827,1.9078363
198,random_noise,GCAATGATGCGGAAGAAATTG,2.7841964,3.6712563
199,random_noise,ATGACAATGGTACAACTGTTA,2.6406975,1.7590247
