RANK	DB	ID	ALT_ID	CONSENSUS	TP	TP%	FP	FP%	ENR_RATIO	SCORE_THR	PVALUE	LOG_PVALUE	EVALUE	LOG_EVALUE	QVALUE	LOG_QVALUE
1	variant.meme	15	NNNNNNDNHHACHNNNNNNNN	NNNNNNDNHCACHBBNNNNNN	853	37.58	249	10.97	3.42	0.45	2.87e-101	-231.51	5.46e-100	-228.56	5.46e-100	-228.56
2	variant.meme	19	NNNNSNNNNSACCYNNVNBHB	SBSNSBNSBCACCCCVSVSCC	653	28.77	163	7.18	3.99	0.056	1.64e-84	-192.92	3.11e-83	-189.98	1.56e-83	-190.67
3	variant.meme	16	NNBNNNBNNSASNVNVNVNNN	BSBSVBBBSSASVGVSCSBVB	752	33.13	242	10.66	3.1	0.028	1.10e-77	-177.20	2.10e-76	-174.26	6.99e-77	-175.35
4	variant.meme	9	NNNNNHDBNNAVRNDNNNNDN	NNNBMHWYNMARADDBNDRRD	727	32.03	307	13.52	2.36	0.0086	3.78e-51	-116.10	7.18e-50	-113.16	1.80e-50	-114.54
5	variant.meme	17	SNNYNBCHSCACYHCYNSBNY	SMCCNCCWSCACCCCCNSCNC	405	17.84	98	4.32	4.1	0.085	1.04e-50	-115.09	1.97e-49	-112.15	3.94e-50	-113.76
6	variant.meme	18	NBHNNYMCYCACCCYYHHCHN	HSYHBCCCYCACCCCCCCCHB	372	16.39	88	3.88	4.19	0.02	3.47e-47	-106.98	6.59e-46	-104.03	1.10e-46	-105.83
7	variant.meme	12	NNNNHNNVAWABNNNNNNNNN	HNNNWNNMAAACNNNNNNDND	467	20.57	160	7.05	2.91	1.6	2.63e-41	-93.44	5.00e-40	-90.49	7.15e-41	-92.44
8	variant.meme	11	DNNNNNNNNNAAADNNDNDDN	DNDNDDWNUDAAADNDWHWDW	628	27.67	273	12.03	2.3	0.006	9.07e-41	-92.20	1.72e-39	-89.26	2.15e-40	-91.34
9	variant.meme	13	NNNNNDNDNHAHNKKUBUNHW	DBWNNWNDWUAYUUUUUUUUU	440	19.38	156	6.87	2.81	0.067	5.03e-37	-83.58	9.55e-36	-80.64	1.06e-36	-82.83
10	variant.meme	5	DNDRNNNRNRARRRNNDBNRD	DRDGRGWGRGAGRGDGRGVGR	390	17.18	163	7.18	2.38	0.36	1.40e-25	-57.23	2.67e-24	-54.28	2.67e-25	-56.58
11	variant.meme	14	DHWYUUUUUYAYWUUUUUUUH	UUUUUUUUUUAYUUUUUUUUU	240	10.57	74	3.26	3.21	0.027	2.55e-23	-52.02	4.84e-22	-49.08	4.40e-23	-51.48
12	variant.meme	10	HHNHHNYWBNAVARRADDHHW	YUUUWUYUUYAAAAAAAAWAW	212	9.34	105	4.63	2.01	1.4	2.37e-10	-22.16	4.51e-9	-19.22	3.76e-10	-21.70
13	variant.meme	7	CDGCHGCWGCASCWSCNGCWS	CAGCAGCWGCAGCWGCWGCAG	140	6.17	60	2.64	2.31	2.9	3.59e-9	-19.44	6.83e-8	-16.50	5.25e-9	-19.06
14	variant.meme	3	GMRGVRGVRGARGVDGRDGRR	GARGARGAGGARGRRGARGAR	202	8.90	113	4.98	1.78	0.032	1.17e-7	-15.96	2.22e-6	-13.02	1.58e-7	-15.66
15	variant.meme	6	HHVCVCMHRCACACNCACMCW	ACACACACACACACACACACA	118	5.20	54	2.38	2.16	0.21	3.70e-7	-14.81	7.03e-6	-11.86	4.69e-7	-14.57
16	variant.meme	1	VHYDGGUUCAAAUCCYRGCUC	CCUGGGUUCAAAUCCYAGCUC	14	0.62	2	0.09	5	24	2.06e-3	-6.19	3.91e-2	-3.24	2.45e-3	-6.01
17	variant.meme	4	GUGUGUGUGYAUGUGUGURUR	GUGUGUGUGUAUGUGUGUGUG	24	1.06	8	0.35	2.78	11	3.40e-3	-5.68	6.47e-2	-2.74	3.80e-3	-5.57
18	variant.meme	2	NRSARRARRAAGADNADRVDR	AAGARGAAGAAGARGADGAAG	106	4.67	71	3.13	1.49	1.6	4.48e-3	-5.41	8.51e-2	-2.46	4.73e-3	-5.35
19	variant.meme	8	ARAAAAARARAVAAAAARRRN	AAAAAAAAARAAAAAAAAARA	58	2.56	46	2.03	1.26	6	1.38e-1	-1.98	2.61e0	0.96	1.38e-1	-1.98

# SEA (Simple Enrichment Analysis): Version 5.4.1 compiled on Jul 28 2022 at 00:44:46
# The format of this file is described at https://meme-suite.org/meme/doc/sea-output-format.html.
# sea -oc sea_out -p variant.fa -m variant.meme
